constituent_name	URI
12beta-acetoxycimigenol 3-o-beta-d-xylopyranoside	http://napdi.org/napdi_srs_imports:12beta_acetoxycimigenol_3_o_beta_d_xylopyranoside
2'-o-acetylactein	http://napdi.org/napdi_srs_imports:2_o_acetylactein
2'-o-acetylcimicifugoside h1	http://napdi.org/napdi_srs_imports:2_o_acetylcimicifugoside_h1
23-epi-26-deoxyactein	http://purl.obolibrary.org/obo/CHEBI_70243
23-o-acetylshengmanol	http://napdi.org/napdi_srs_imports:23_o_acetylshengmanol
23-o-acetylshengmanol-3-o-alpha-l-arabinoside	http://napdi.org/napdi_srs_imports:23_o_acetylshengmanol_3_o_alpha_l_arabinoside
23-o-acetylshengmanol-3-o-beta-d-xylopyranoside	http://purl.obolibrary.org/obo/CHEBI_70244
25-anhydrocimigenol 3-o-alpha-l-arabinoside	http://purl.obolibrary.org/obo/CHEBI_70249
25-anhydrocimigenol 3-o-beta-d-xyloside	http://purl.obolibrary.org/obo/CHEBI_70250
25-o-acetylcimigenol xyloside	http://napdi.org/napdi_srs_imports:25_o_acetylcimigenol_xyloside
25-o-acetylcimigenol-3-o-alpha-l-arabinoside	http://purl.obolibrary.org/obo/CHEBI_70248
26-deoxyactein	http://purl.obolibrary.org/obo/CHEBI_70242
26-deoxycimicifugoside	http://napdi.org/napdi_srs_imports:26_deoxycimicifugoside
3-hydroxytyrosol 3-o-glucoside	http://napdi.org/napdi_srs_imports:3_hydroxytyrosol_3_o_glucoside
"3,4-dihydroxybenzoic acid"	http://purl.obolibrary.org/obo/CHEBI_36062
3'-o-acetylcimicifugoside h1	http://napdi.org/napdi_srs_imports:3_o_acetylcimicifugoside_h1
actaeaepoxide-3-o-beta-d-xylopyranoside	http://napdi.org/napdi_srs_imports:actaeaepoxide_3_o_beta_d_xylopyranoside
actaealactone	http://napdi.org/napdi_srs_imports:actaealactone
actein	http://purl.obolibrary.org/obo/CHEBI_70241
caffeic acid	http://purl.obolibrary.org/obo/CHEBI_16433
caffeic acid methyl ester	http://purl.obolibrary.org/obo/CHEBI_6856
caffeoylglycolic acid	http://napdi.org/napdi_srs_imports:caffeoylglycolic_acid
cimiaceroside a	http://napdi.org/napdi_srs_imports:cimiaceroside_a
cimicifugic acid a	http://napdi.org/napdi_srs_imports:cimicifugic_acid_a
cimicifugic acid b	http://napdi.org/napdi_srs_imports:cimicifugic_acid_b
cimicifugic acid d	http://napdi.org/napdi_srs_imports:cimicifugic_acid_d
cimicifugic acid e	http://napdi.org/napdi_srs_imports:cimicifugic_acid_e
cimicifugic acid f	http://napdi.org/napdi_srs_imports:cimicifugic_acid_f
cimicifugoside h-2	http://purl.obolibrary.org/obo/CHEBI_184035
cimicifugoside h-3	http://napdi.org/napdi_srs_imports:cimicifugoside_h_3
cimicifugoside h-4	http://napdi.org/napdi_srs_imports:cimicifugoside_h_4
cimicifugoside h1	http://napdi.org/napdi_srs_imports:cimicifugoside_h1
cimiciphenone	http://napdi.org/napdi_srs_imports:cimiciphenone
cimigenol	http://purl.obolibrary.org/obo/CHEBI_37777
cimigenol xyloside	http://purl.obolibrary.org/obo/CHEBI_37778
cimiracemate a	http://napdi.org/napdi_srs_imports:cimiracemate_a
cimiracemate b	http://napdi.org/napdi_srs_imports:cimiracemate_b
cimiracemate c	http://napdi.org/napdi_srs_imports:cimiracemate_c
cimiracemate d	http://napdi.org/napdi_srs_imports:cimiracemate_d
cimiracemoside a	http://purl.obolibrary.org/obo/CHEBI_70245
cimiracemoside b	http://napdi.org/napdi_srs_imports:cimiracemoside_b
cimiracemoside c	http://napdi.org/napdi_srs_imports:cimiracemoside_c
cimiracemoside d	http://purl.obolibrary.org/obo/CHEBI_70247
cimiracemoside e	http://napdi.org/napdi_srs_imports:cimiracemoside_e
cimiracemoside g	http://napdi.org/napdi_srs_imports:cimiracemoside_g
cimiracemoside h	http://napdi.org/napdi_srs_imports:cimiracemoside_h
cimiracemoside i	http://napdi.org/napdi_srs_imports:cimiracemoside_i
cimiracemoside j	http://napdi.org/napdi_srs_imports:cimiracemoside_j
cimiracemoside k	http://purl.obolibrary.org/obo/CHEBI_70251
cimiracemoside l	http://napdi.org/napdi_srs_imports:cimiracemoside_l
cimiracemoside m	http://napdi.org/napdi_srs_imports:cimiracemoside_m
cimiracemoside n	http://napdi.org/napdi_srs_imports:cimiracemoside_n
cimiracemoside o	http://napdi.org/napdi_srs_imports:cimiracemoside_o
cimiracemoside p	http://napdi.org/napdi_srs_imports:cimiracemoside_p
ferulic acid	http://purl.obolibrary.org/obo/CHEBI_17620
fukiic acid	http://purl.obolibrary.org/obo/CHEBI_166659
fukinolic acid	http://purl.obolibrary.org/obo/CHEBI_177596
isoferulic acid	http://purl.obolibrary.org/obo/CHEBI_27794
methyl ferulate	http://purl.obolibrary.org/obo/CHEBI_67379
neocimicigenoside a	http://napdi.org/napdi_srs_imports:neocimicigenoside_a
neocimicigenoside b	http://napdi.org/napdi_srs_imports:neocimicigenoside_b
p-coumaric acid	http://purl.obolibrary.org/obo/CHEBI_32374
petasiphenone	http://purl.obolibrary.org/obo/CHEBI_174449
protocatechualdehyde	http://purl.obolibrary.org/obo/CHEBI_50205
"6,7-dihydroxycoumarin"	http://purl.obolibrary.org/obo/CHEBI_490095
aesculin	http://purl.obolibrary.org/obo/CHEBI_4853
alpha-escin	http://napdi.org/napdi_srs_imports:alpha_escin
barringtogenol c	http://purl.obolibrary.org/obo/CHEBI_2994
beta-escin	http://purl.obolibrary.org/obo/CHEBI_2500
escin iia	http://napdi.org/napdi_srs_imports:escin_iia
escin iib	http://napdi.org/napdi_srs_imports:escin_iib
fraxetin	http://purl.obolibrary.org/obo/CHEBI_5169
fraxin	http://purl.obolibrary.org/obo/CHEBI_5170
isoescin ia	http://napdi.org/napdi_srs_imports:isoescin_ia
isoescin ib	http://napdi.org/napdi_srs_imports:isoescin_ib
kaempferol	http://purl.obolibrary.org/obo/CHEBI_28499
protoaescigenin	http://napdi.org/napdi_srs_imports:protoaescigenin
quercetin	http://purl.obolibrary.org/obo/CHEBI_16243
scopoletin	http://purl.obolibrary.org/obo/CHEBI_17488
scopolin	http://purl.obolibrary.org/obo/CHEBI_16065
allicin	http://purl.obolibrary.org/obo/CHEBI_28411
alliin	http://purl.obolibrary.org/obo/CHEBI_2596
alliinase	http://napdi.org/napdi_srs_imports:alliinase
allixin	http://purl.obolibrary.org/obo/CHEBI_172466
apigenin	http://purl.obolibrary.org/obo/CHEBI_18388
bergamottin	http://purl.obolibrary.org/obo/CHEBI_70476
beta-chlorogenin	http://napdi.org/napdi_srs_imports:beta_chlorogenin
chlorogenin	http://purl.obolibrary.org/obo/CHEBI_188325
diallyl sulfide	http://purl.obolibrary.org/obo/CHEBI_4489
eruboside b	http://napdi.org/napdi_srs_imports:eruboside_b
gamma-glutamyl-s-allylcysteine	http://napdi.org/napdi_srs_imports:gamma_glutamyl_s_allylcysteine
iso-eruboside b	http://napdi.org/napdi_srs_imports:iso_eruboside_b
myricetin	http://purl.obolibrary.org/obo/CHEBI_18152
myrosinase	http://napdi.org/napdi_srs_imports:myrosinase
nobiletin	http://purl.obolibrary.org/obo/CHEBI_7602
peroxidase	http://purl.obolibrary.org/obo/CHEBI_46736
proto-eruboside b	http://napdi.org/napdi_srs_imports:proto_eruboside_b
proto-iso-eruboside b	http://napdi.org/napdi_srs_imports:proto_iso_eruboside_b
rutin	http://purl.obolibrary.org/obo/CHEBI_28527
s-allylcysteine	http://purl.obolibrary.org/obo/CHEBI_74077
sativoside	http://napdi.org/napdi_srs_imports:sativoside
selenium	http://purl.obolibrary.org/obo/CHEBI_27568
tangeretin	http://purl.obolibrary.org/obo/CHEBI_9400
(-)-epicatechin	http://purl.obolibrary.org/obo/CHEBI_90
(-)-epicatechin-3-o-gallate	http://purl.obolibrary.org/obo/CHEBI_70255
(-)-epigallocatechin	http://purl.obolibrary.org/obo/CHEBI_42255
(-)-epigallocatechin-3-o-gallate	http://purl.obolibrary.org/obo/CHEBI_4806
5-n-ethyl glutamine	http://purl.obolibrary.org/obo/CHEBI_17394
caffeine	http://purl.obolibrary.org/obo/CHEBI_27732
chlorogenic acid	http://purl.obolibrary.org/obo/CHEBI_95271
cianidanol	http://purl.obolibrary.org/obo/CHEBI_15600
gallic acid	http://purl.obolibrary.org/obo/CHEBI_30778
gallocatechin	http://purl.obolibrary.org/obo/CHEBI_31018
gallocatechin gallate	http://purl.obolibrary.org/obo/CHEBI_156284
luteolin	http://purl.obolibrary.org/obo/CHEBI_15864
proanthocyanidins	http://purl.obolibrary.org/obo/CHEBI_166895
r1-barringenol	http://napdi.org/napdi_srs_imports:r1_barringenol
theobromine	http://purl.obolibrary.org/obo/CHEBI_28946
theogallin	http://purl.obolibrary.org/obo/CHEBI_9522
theophylline	http://purl.obolibrary.org/obo/CHEBI_28177
3-butyl-delta9-tetrahydrocannabinol	http://napdi.org/napdi_srs_imports:3_butyl_delta9_tetrahydrocannabinol
3-carene	http://purl.obolibrary.org/obo/CHEBI_35661
4-thujanol	http://napdi.org/napdi_srs_imports:4_thujanol
"alpha-bergamotene, (e)-(-)-"	http://purl.obolibrary.org/obo/CHEBI_62756
"alpha-cadinene, (+)-"	http://purl.obolibrary.org/obo/CHEBI_80749
alpha-eudesmol	http://purl.obolibrary.org/obo/CHEBI_10278
alpha-farnesene	http://purl.obolibrary.org/obo/CHEBI_39236
alpha-longipinene	http://purl.obolibrary.org/obo/CHEBI_62753
alpha-pinene	http://purl.obolibrary.org/obo/CHEBI_36740
alpha-selinene	http://purl.obolibrary.org/obo/CHEBI_59961
alpha-terpineol	http://purl.obolibrary.org/obo/CHEBI_22469
"alpha-thujene, (+/-)-"	http://purl.obolibrary.org/obo/CHEBI_50031
beta-caryophyllene oxide	http://purl.obolibrary.org/obo/CHEBI_67818
beta-elemene	http://purl.obolibrary.org/obo/CHEBI_62855
beta-eudesmol	http://purl.obolibrary.org/obo/CHEBI_10417
"beta-farnesene, (6z)-"	http://purl.obolibrary.org/obo/CHEBI_39242
beta-fenchyl alcohol	http://napdi.org/napdi_srs_imports:beta_fenchyl_alcohol
"beta-ocimene, (3e)-"	http://purl.obolibrary.org/obo/CHEBI_64280
"beta-ocimene, (3z)-"	http://purl.obolibrary.org/obo/CHEBI_87574
beta-phellandrene	http://purl.obolibrary.org/obo/CHEBI_48741
beta-pinene	http://purl.obolibrary.org/obo/CHEBI_50025
borneol	http://purl.obolibrary.org/obo/CHEBI_28093
camphene	http://purl.obolibrary.org/obo/CHEBI_3830
cannabichromene	http://purl.obolibrary.org/obo/CHEBI_3357
"cannabichromenic acid, (+)-"	http://purl.obolibrary.org/obo/CHEBI_167557
cannabichromevarin	http://napdi.org/napdi_srs_imports:cannabichromevarin
cannabicitran	http://napdi.org/napdi_srs_imports:cannabicitran
cannabidiol	http://purl.obolibrary.org/obo/CHEBI_69478
cannabidiolic acid	http://purl.obolibrary.org/obo/CHEBI_67136
cannabidivarin	http://purl.obolibrary.org/obo/CHEBI_182159
cannabigerolic acid	http://purl.obolibrary.org/obo/CHEBI_67081
cannabigerolic acid monomethyl ether	http://napdi.org/napdi_srs_imports:cannabigerolic_acid_monomethyl_ether
cannabigerovarin	http://napdi.org/napdi_srs_imports:cannabigerovarin
cannabinol	http://purl.obolibrary.org/obo/CHEBI_3360
cannabivarin	http://napdi.org/napdi_srs_imports:cannabivarin
caryophyllene	http://purl.obolibrary.org/obo/CHEBI_10357
delta-7-cis-isotetrahydrocannabivarin	http://napdi.org/napdi_srs_imports:delta_7_cis_isotetrahydrocannabivarin
delta-9-cis-tetrahydrocannabinol	http://napdi.org/napdi_srs_imports:delta_9_cis_tetrahydrocannabinol
delta-9-tetrahydrocannabiorcolic acid a	http://napdi.org/napdi_srs_imports:delta_9_tetrahydrocannabiorcolic_acid_a
delta-9-tetrahydrocannabiorcolic acid b	http://napdi.org/napdi_srs_imports:delta_9_tetrahydrocannabiorcolic_acid_b
delta1-tetrahydrocannabiorcol	http://napdi.org/napdi_srs_imports:delta1_tetrahydrocannabiorcol
delta8-tetrahydrocannabinol	http://purl.obolibrary.org/obo/CHEBI_183415
delta9-tetrahydrocannabinolic acid	http://purl.obolibrary.org/obo/CHEBI_67078
dronabinol	http://purl.obolibrary.org/obo/CHEBI_66964
"fenchone, (+/-)-"	http://purl.obolibrary.org/obo/CHEBI_4999
"gamma-bisabolene, (e)-"	http://purl.obolibrary.org/obo/CHEBI_49239
"gamma-bisabolene, (z)-"	http://purl.obolibrary.org/obo/CHEBI_49238
grossamide	http://purl.obolibrary.org/obo/CHEBI_190028
guaiol	http://purl.obolibrary.org/obo/CHEBI_5552
humulene	http://purl.obolibrary.org/obo/CHEBI_5768
ipsdienol	http://napdi.org/napdi_srs_imports:ipsdienol
"limonene, (+/-)-"	http://purl.obolibrary.org/obo/CHEBI_15384
"linalool, (+/-)-"	http://purl.obolibrary.org/obo/CHEBI_17580
linoleic acid	http://purl.obolibrary.org/obo/CHEBI_17351
linolenic acid	http://purl.obolibrary.org/obo/CHEBI_27432
luteolin	http://purl.obolibrary.org/obo/CHEBI_57545
myrcene	http://purl.obolibrary.org/obo/CHEBI_17221
n-caffeoyltyramine	http://purl.obolibrary.org/obo/CHEBI_193479
oleic acid	http://purl.obolibrary.org/obo/CHEBI_16196
orientin	http://purl.obolibrary.org/obo/CHEBI_7781
terpinolene	http://purl.obolibrary.org/obo/CHEBI_9457
tetrahydrocannabivarin	http://napdi.org/napdi_srs_imports:tetrahydrocannabivarin
vitexin	http://purl.obolibrary.org/obo/CHEBI_16954
ylangene	http://napdi.org/napdi_srs_imports:ylangene
2-methoxycinnamic acid	http://purl.obolibrary.org/obo/CHEBI_136676
cinnamaldehyde	http://purl.obolibrary.org/obo/CHEBI_142921
cinnamic acid	http://purl.obolibrary.org/obo/CHEBI_35697
cinnamtannin b2	http://purl.obolibrary.org/obo/CHEBI_81229
cinnamyl acetate	http://purl.obolibrary.org/obo/CHEBI_31402
cinnamyl alcohol	http://purl.obolibrary.org/obo/CHEBI_33227
coumarin	http://purl.obolibrary.org/obo/CHEBI_28794
eugenol	http://purl.obolibrary.org/obo/CHEBI_4917
methyl eugenol	http://purl.obolibrary.org/obo/CHEBI_4918
o-methoxycinnamaldehyde	http://napdi.org/napdi_srs_imports:o_methoxycinnamaldehyde
"o-methoxycinnamaldehyde, (e)-"	http://purl.obolibrary.org/obo/CHEBI_180713
salicylaldehyde	http://purl.obolibrary.org/obo/CHEBI_16008
18-cineole	http://purl.obolibrary.org/obo/CHEBI_27961
benzaldehyde	http://purl.obolibrary.org/obo/CHEBI_17169
benzyl benzoate	http://purl.obolibrary.org/obo/CHEBI_41237
cinnamic acid	http://purl.obolibrary.org/obo/CHEBI_27386
cinnamtannin b1	http://purl.obolibrary.org/obo/CHEBI_69304
cinnzeylanine	http://purl.obolibrary.org/obo/CHEBI_172669
cinnzeylanol	http://purl.obolibrary.org/obo/CHEBI_169400
d-xylose	http://purl.obolibrary.org/obo/CHEBI_53455
l-arabinose	http://purl.obolibrary.org/obo/CHEBI_17535
linalool	http://purl.obolibrary.org/obo/CHEBI_17580
m-cymene	http://napdi.org/napdi_srs_imports:m_cymene
mannitol	http://purl.obolibrary.org/obo/CHEBI_16899
o-cymene	http://purl.obolibrary.org/obo/CHEBI_89263
p-cymene	http://purl.obolibrary.org/obo/CHEBI_28768
phellandrene	http://purl.obolibrary.org/obo/CHEBI_50034
pinene	http://purl.obolibrary.org/obo/CHEBI_17187
safrole	http://purl.obolibrary.org/obo/CHEBI_8994
(+)-catechin	http://purl.obolibrary.org/obo/CHEBI_15600
caffeic acid	http://purl.obolibrary.org/obo/CHEBI_36281
crataegolic acid	http://purl.obolibrary.org/obo/CHEBI_66682
ethylamine	http://purl.obolibrary.org/obo/CHEBI_15862
flavan	http://purl.obolibrary.org/obo/CHEBI_38691
hyperoside	http://purl.obolibrary.org/obo/CHEBI_67486
isovitexin	http://purl.obolibrary.org/obo/CHEBI_18330
oleanic acid	http://purl.obolibrary.org/obo/CHEBI_37659
phenethylamine	http://purl.obolibrary.org/obo/CHEBI_18397
procyanidins	http://purl.obolibrary.org/obo/CHEBI_166895
rhamnoside	http://purl.obolibrary.org/obo/CHEBI_26547
urolic acid	http://napdi.org/napdi_srs_imports:urolic_acid
(+)-beta-turmerone	http://purl.obolibrary.org/obo/CHEBI_81132
"(s)-2-methyl-6-[(r)-4-methyl-2,4-cyclohexadiene-1alpha-yl]-2-heptene-4-one"	http://napdi.org/napdi_srs_imports:s_2_methyl_6_r_4_methyl_2_4_cyclohexadiene_1alpha_yl_2_heptene_4_one
bis-desmethoxycurcumin	http://purl.obolibrary.org/obo/CHEBI_71045
cineol	http://purl.obolibrary.org/obo/CHEBI_27961
curcumene	http://purl.obolibrary.org/obo/CHEBI_62757
curcumin	http://purl.obolibrary.org/obo/CHEBI_3962
monodexmethoxycurcumin	http://napdi.org/napdi_srs_imports:monodexmethoxycurcumin
phellandrene	http://purl.obolibrary.org/obo/CHEBI_50035
sabinene	http://purl.obolibrary.org/obo/CHEBI_50027
zingiberene	http://purl.obolibrary.org/obo/CHEBI_10115
2-o-caffeoyl-3-coumaroyltartaric acid	http://napdi.org/napdi_srs_imports:2_o_caffeoyl_3_coumaroyltartaric_acid
2-o-caffeoyltartaric acid	http://napdi.org/napdi_srs_imports:2_o_caffeoyltartaric_acid
2-o-feruloyl-tartaric acid	http://purl.obolibrary.org/obo/CHEBI_76120
"2,3-o-dicaffeoyltartaric acid"	http://napdi.org/napdi_srs_imports:2_3_o_dicaffeoyltartaric_acid
arabinose	http://purl.obolibrary.org/obo/CHEBI_17535
bornyl acetate	http://purl.obolibrary.org/obo/CHEBI_3151
caftaric acid	http://purl.obolibrary.org/obo/CHEBI_174975
caryophyllene epoxide	http://purl.obolibrary.org/obo/CHEBI_156179
caryophyllene oxide	http://purl.obolibrary.org/obo/CHEBI_67818
chlorogenic	http://purl.obolibrary.org/obo/CHEBI_95271
cichoric acid	http://purl.obolibrary.org/obo/CHEBI_3594
dimethyl sulphide	http://purl.obolibrary.org/obo/CHEBI_17437
echinacoside	http://purl.obolibrary.org/obo/CHEBI_4745
galactose	http://purl.obolibrary.org/obo/CHEBI_4139
germacrene d	http://purl.obolibrary.org/obo/CHEBI_49044
"isomeric dodeca-2e,4e,8z,10e/z-tetraenoic acid isobutylamide"	http://napdi.org/napdi_srs_imports:isomeric_dodeca_2e_4e_8z_10ez_tetraenoic_acid_isobutylamide
"isomeric dodeca-2e,4e,8z,10e/z-tetraenoic isobutylamide"	http://napdi.org/napdi_srs_imports:isomeric_dodeca_2e_4e_8z_10ez_tetraenoic_isobutylamide
isotussilagine	http://napdi.org/napdi_srs_imports:isotussilagine
limonene	http://purl.obolibrary.org/obo/CHEBI_15384
pentadeca-8-(z)-en-2-one	http://napdi.org/napdi_srs_imports:pentadeca_8_z_en_2_one
"trideca-1-en-3,5,7,9,11-pentaine"	http://napdi.org/napdi_srs_imports:trideca_1_en_3_5_7_9_11_pentaine
"trideca-1,11-dien-3,5,7,9,-tetraine"	http://napdi.org/napdi_srs_imports:trideca_1_11_dien_3_5_7_9__tetraine
"trideca-8,10,12-triene-2,4,6-triine"	http://napdi.org/napdi_srs_imports:trideca_8_10_12_triene_2_4_6_triine
tussilagine	http://purl.obolibrary.org/obo/CHEBI_9782
verbascoside	http://purl.obolibrary.org/obo/CHEBI_132853
xyloglucan	http://purl.obolibrary.org/obo/CHEBI_18233
astragalin	http://purl.obolibrary.org/obo/CHEBI_30200
bilobalide	http://purl.obolibrary.org/obo/CHEBI_3103
di-trans-poly-cis-octadecaprenol	http://napdi.org/napdi_srs_imports:di_trans_poly_cis_octadecaprenol
ginkgolic acid	http://purl.obolibrary.org/obo/CHEBI_5354
ginkgolide a	http://purl.obolibrary.org/obo/CHEBI_5355
ginkgolide b	http://purl.obolibrary.org/obo/CHEBI_5356
ginkgolide c	http://purl.obolibrary.org/obo/CHEBI_5357
ginkgolide j	http://purl.obolibrary.org/obo/CHEBI_5358
isoquercetin	http://purl.obolibrary.org/obo/CHEBI_28299
isorhamnetin	http://purl.obolibrary.org/obo/CHEBI_6052
isorhamnetin 3-o-glucoside	http://purl.obolibrary.org/obo/CHEBI_75750
kaempferol 7-o-glucoside	http://purl.obolibrary.org/obo/CHEBI_75790
narcissin	http://purl.obolibrary.org/obo/CHEBI_145096
quercitrin	http://purl.obolibrary.org/obo/CHEBI_17558
arachidic acid	http://purl.obolibrary.org/obo/CHEBI_28822
behenic acid	http://purl.obolibrary.org/obo/CHEBI_28941
campesterol	http://purl.obolibrary.org/obo/CHEBI_28623
daidzein	http://purl.obolibrary.org/obo/CHEBI_28197
daidzin	http://purl.obolibrary.org/obo/CHEBI_42202
eicosenoic acid	http://purl.obolibrary.org/obo/CHEBI_32425
genistein	http://purl.obolibrary.org/obo/CHEBI_28088
glycitein	http://purl.obolibrary.org/obo/CHEBI_34778
glycitin	http://purl.obolibrary.org/obo/CHEBI_80373
lecithin	http://purl.obolibrary.org/obo/CHEBI_61955
linoleic	http://purl.obolibrary.org/obo/CHEBI_137735
linolenic	http://purl.obolibrary.org/obo/CHEBI_27432
malonyldaidzin	http://purl.obolibrary.org/obo/CHEBI_80371
malonylgenistin	http://purl.obolibrary.org/obo/CHEBI_80372
malonylglycitin	http://purl.obolibrary.org/obo/CHEBI_80374
myristic acid	http://purl.obolibrary.org/obo/CHEBI_28875
oleic	http://purl.obolibrary.org/obo/CHEBI_16196
palmitic	http://purl.obolibrary.org/obo/CHEBI_15756
palmitoleic acid	http://purl.obolibrary.org/obo/CHEBI_28716
phosphatidylcholine	http://purl.obolibrary.org/obo/CHEBI_167585
phosphatidylethanolamine	http://purl.obolibrary.org/obo/CHEBI_16038
phosphatidylinositol	http://purl.obolibrary.org/obo/CHEBI_28874
saponin	http://purl.obolibrary.org/obo/CHEBI_26605
sitosterol	http://purl.obolibrary.org/obo/CHEBI_176889
soyacerebroside i	http://purl.obolibrary.org/obo/CHEBI_189690
3-hydroxyglabrol	http://purl.obolibrary.org/obo/CHEBI_191827
3'-methoxyglabradin	http://napdi.org/napdi_srs_imports:3_methoxyglabradin
4-ethyl-lactones	http://napdi.org/napdi_srs_imports:4_ethyl_lactones
5-hydroxy-8-methoxyl-flavone-7-o-beta-d-glucuronide	http://napdi.org/napdi_srs_imports:5_hydroxy_8_methoxyl_flavone_7_o_beta_d_glucuronide
"5,8-dihydroxy-flavone-7-o-beta-d-glucuronide"	http://napdi.org/napdi_srs_imports:5_8_dihydroxy_flavone_7_o_beta_d_glucuronide
7-methoxycoumarin	http://purl.obolibrary.org/obo/CHEBI_28184
aglycone	http://purl.obolibrary.org/obo/CHEBI_166892
enoxolone	http://purl.obolibrary.org/obo/CHEBI_30853
formononetin	http://purl.obolibrary.org/obo/CHEBI_18088
galbrene	http://napdi.org/napdi_srs_imports:galbrene
glabrene	http://purl.obolibrary.org/obo/CHEBI_175112
glabridin	http://purl.obolibrary.org/obo/CHEBI_5369
glabrocoumarin	http://napdi.org/napdi_srs_imports:glabrocoumarin
glabrocoumarone a	http://purl.obolibrary.org/obo/CHEBI_174941
glabrocoumarone b	http://purl.obolibrary.org/obo/CHEBI_85109
glabroiso-flavanone b	http://napdi.org/napdi_srs_imports:glabroiso_flavanone_b
glabroisoflavanone a	http://napdi.org/napdi_srs_imports:glabroisoflavanone_a
glabrol	http://purl.obolibrary.org/obo/CHEBI_177851
glabrolide	http://purl.obolibrary.org/obo/CHEBI_183596
glabrone	http://purl.obolibrary.org/obo/CHEBI_175272
glycamil	http://napdi.org/napdi_srs_imports:glycamil
glychionide a	http://napdi.org/napdi_srs_imports:glychionide_a
glychionide b	http://purl.obolibrary.org/obo/CHEBI_61282
glycocoumarin	http://purl.obolibrary.org/obo/CHEBI_69087
glycyrin	http://purl.obolibrary.org/obo/CHEBI_69086
glycyrretol	http://napdi.org/napdi_srs_imports:glycyrretol
glycyrrhizic acid	http://purl.obolibrary.org/obo/CHEBI_15939
glycyrrhizinate dipotassium	http://purl.obolibrary.org/obo/CHEBI_79402
glyzarin	http://purl.obolibrary.org/obo/CHEBI_174784
guaiacol	http://purl.obolibrary.org/obo/CHEBI_28591
hemileiocarpin	http://purl.obolibrary.org/obo/CHEBI_180252
herniarin	http://purl.obolibrary.org/obo/CHEBI_5679
hispaglabridin a	http://purl.obolibrary.org/obo/CHEBI_5730
hispaglabridin b	http://napdi.org/napdi_srs_imports:hispaglabridin_b
isoglaborlide	http://napdi.org/napdi_srs_imports:isoglaborlide
isoliquiritigenin	http://purl.obolibrary.org/obo/CHEBI_94010
isoliquiritin	http://purl.obolibrary.org/obo/CHEBI_80839
jaranol	http://purl.obolibrary.org/obo/CHEBI_176665
licoflavonol	http://purl.obolibrary.org/obo/CHEBI_175548
licofuranocoumarin	http://purl.obolibrary.org/obo/CHEBI_175895
licoisoflavone a	http://purl.obolibrary.org/obo/CHEBI_28620
licoisoflavone b	http://napdi.org/napdi_srs_imports:licoisoflavone_b
licopyranocoumarin	http://purl.obolibrary.org/obo/CHEBI_175896
licuraside	http://napdi.org/napdi_srs_imports:licuraside
liqcoumarin	http://purl.obolibrary.org/obo/CHEBI_174104
liquiritic acid	http://purl.obolibrary.org/obo/CHEBI_191835
liquiritigenin	http://purl.obolibrary.org/obo/CHEBI_28777
liquiritin	http://purl.obolibrary.org/obo/CHEBI_80845
neoisoliquiritin	http://purl.obolibrary.org/obo/CHEBI_191686
neoliquiritin	http://purl.obolibrary.org/obo/CHEBI_191812
paratocarpin b	http://purl.obolibrary.org/obo/CHEBI_187700
phaseollinisoflavan	http://purl.obolibrary.org/obo/CHEBI_109
potassium	http://purl.obolibrary.org/obo/CHEBI_26216
shinpterocarpin	http://purl.obolibrary.org/obo/CHEBI_175114
trihydroxychalcone	http://purl.obolibrary.org/obo/CHEBI_77948
umbelliferone	http://purl.obolibrary.org/obo/CHEBI_27510
"4',7-dihydroxyflavone"	http://purl.obolibrary.org/obo/CHEBI_29503
glycyrdione b	http://napdi.org/napdi_srs_imports:glycyrdione_b
glycyrrhizin	http://purl.obolibrary.org/obo/CHEBI_29807
licochalcone a	http://purl.obolibrary.org/obo/CHEBI_174541
licochalcone b	http://purl.obolibrary.org/obo/CHEBI_174733
licoflavone c	http://napdi.org/napdi_srs_imports:licoflavone_c
3-o-(beta-d-glucuronopyranosyl-(1->2)-beta-d-galactopyranosyl)glycyrrhetic acid	http://napdi.org/napdi_srs_imports:3_o_beta_d_glucuronopyranosyl_1_2_beta_d_galactopyranosylglycyrrhetic_acid
3-o-methylglycyrol	http://purl.obolibrary.org/obo/CHEBI_191717
allolicoisoflavone a	http://purl.obolibrary.org/obo/CHEBI_69085
dehydroglyasperin c	http://napdi.org/napdi_srs_imports:dehydroglyasperin_c
dehydroglyasperin d	http://napdi.org/napdi_srs_imports:dehydroglyasperin_d
glyasperin f	http://purl.obolibrary.org/obo/CHEBI_69092
isoglycyrol	http://napdi.org/napdi_srs_imports:isoglycyrol
isotrifoliol	http://purl.obolibrary.org/obo/CHEBI_174837
kanzonol p	http://purl.obolibrary.org/obo/CHEBI_69097
licoricesaponin a3	http://napdi.org/napdi_srs_imports:licoricesaponin_a3
licoricesaponin e2	http://purl.obolibrary.org/obo/CHEBI_192216
licoricesaponin g2	http://purl.obolibrary.org/obo/CHEBI_184066
licoricidin	http://purl.obolibrary.org/obo/CHEBI_69082
licoricone	http://purl.obolibrary.org/obo/CHEBI_69094
liquiritigenin	http://purl.obolibrary.org/obo/CHEBI_136678
liquiritin apioside	http://purl.obolibrary.org/obo/CHEBI_191629
medicarpin	http://purl.obolibrary.org/obo/CHEBI_16114
semilicoisoflavone b	http://purl.obolibrary.org/obo/CHEBI_69093
uralsaponin c	http://napdi.org/napdi_srs_imports:uralsaponin_c
uralsaponin f	http://napdi.org/napdi_srs_imports:uralsaponin_f
uralsaponin v	http://napdi.org/napdi_srs_imports:uralsaponin_v
uralsaponin w	http://napdi.org/napdi_srs_imports:uralsaponin_w
uralsaponin x	http://napdi.org/napdi_srs_imports:uralsaponin_x
uralsaponin y	http://napdi.org/napdi_srs_imports:uralsaponin_y
"vestitol, (-)-"	http://purl.obolibrary.org/obo/CHEBI_16786
berberine	http://purl.obolibrary.org/obo/CHEBI_16118
hydrastine	http://purl.obolibrary.org/obo/CHEBI_69919
secoisolariciresinol diglucoside	http://purl.obolibrary.org/obo/CHEBI_172801
7-hydroxymitragynine	http://purl.obolibrary.org/obo/CHEBI_180536
mitragynine	http://purl.obolibrary.org/obo/CHEBI_6956
mitraphylline	http://purl.obolibrary.org/obo/CHEBI_6957
paynantheine	http://napdi.org/napdi_srs_imports:paynantheine
speciociliatin	http://napdi.org/napdi_srs_imports:speciociliatin
speciogynine	http://napdi.org/napdi_srs_imports:speciogynine
carvacrol	http://purl.obolibrary.org/obo/CHEBI_3440
citral	http://purl.obolibrary.org/obo/CHEBI_137934
eremophilene	http://purl.obolibrary.org/obo/CHEBI_142091
falcarinol	http://purl.obolibrary.org/obo/CHEBI_66722
ginsenan a	http://napdi.org/napdi_srs_imports:ginsenan_a
ginsenoside	http://purl.obolibrary.org/obo/CHEBI_67991
ginsenoside b2	http://purl.obolibrary.org/obo/CHEBI_77148
ginsenoside c	http://purl.obolibrary.org/obo/CHEBI_77151
ginsenoside rb1	http://purl.obolibrary.org/obo/CHEBI_67989
ginsenoside rc	http://purl.obolibrary.org/obo/CHEBI_77154
ginsenoside rf	http://purl.obolibrary.org/obo/CHEBI_67986
ginsenoside rg1	http://purl.obolibrary.org/obo/CHEBI_67987
ginsenoside ro	http://purl.obolibrary.org/obo/CHEBI_67981
ocotillol	http://napdi.org/napdi_srs_imports:ocotillol
oleanane	http://purl.obolibrary.org/obo/CHEBI_36481
oleanolic acid	http://purl.obolibrary.org/obo/CHEBI_37659
panaxan a	http://napdi.org/napdi_srs_imports:panaxan_a
panaxydol	http://purl.obolibrary.org/obo/CHEBI_66723
panaxytriol	http://purl.obolibrary.org/obo/CHEBI_80732
catechin	http://purl.obolibrary.org/obo/CHEBI_15600
epicatechin	http://purl.obolibrary.org/obo/CHEBI_90
coumaperine	http://purl.obolibrary.org/obo/CHEBI_169029
piperine	http://purl.obolibrary.org/obo/CHEBI_28821
piperonal	http://purl.obolibrary.org/obo/CHEBI_8240
piperyline	http://purl.obolibrary.org/obo/CHEBI_9691
"1,8-cineole"	http://purl.obolibrary.org/obo/CHEBI_27961
betulin	http://purl.obolibrary.org/obo/CHEBI_3086
betulinic acid	http://purl.obolibrary.org/obo/CHEBI_3087
camphor	http://purl.obolibrary.org/obo/CHEBI_36773
carnosic acid	http://purl.obolibrary.org/obo/CHEBI_65585
carnosol	http://purl.obolibrary.org/obo/CHEBI_3429
cirsimaritin	http://purl.obolibrary.org/obo/CHEBI_81337
diosmin	http://purl.obolibrary.org/obo/CHEBI_4631
hesperidin	http://purl.obolibrary.org/obo/CHEBI_28775
luteolin 3'-glucoside	http://purl.obolibrary.org/obo/CHEBI_176107
luteolin 3'-o-beta-d-glucuronide	http://purl.obolibrary.org/obo/CHEBI_75726
luteolin 3'-o-glucuronide	http://purl.obolibrary.org/obo/CHEBI_75726
methyl carnosate	http://purl.obolibrary.org/obo/CHEBI_138943
pinene	http://napdi.org/napdi_srs_imports:pinene
rosmadial	http://purl.obolibrary.org/obo/CHEBI_174644
rosmanol	http://napdi.org/napdi_srs_imports:rosmanol
rosmarinic acid	http://purl.obolibrary.org/obo/CHEBI_92370
rosmarinic acid	http://purl.obolibrary.org/obo/CHEBI_50371
rosmariquinone	http://purl.obolibrary.org/obo/CHEBI_34851
scutellarein	http://purl.obolibrary.org/obo/CHEBI_9062
terpineol	http://purl.obolibrary.org/obo/CHEBI_22469
thymol	http://purl.obolibrary.org/obo/CHEBI_27607
ursolic acid	http://purl.obolibrary.org/obo/CHEBI_9908
1-hexacosanol	http://purl.obolibrary.org/obo/CHEBI_28415
1-octacosanol	http://purl.obolibrary.org/obo/CHEBI_28243
1-tetracosanol	http://purl.obolibrary.org/obo/CHEBI_77413
1-triacontanol	http://purl.obolibrary.org/obo/CHEBI_28409
beta-sitosterol	http://purl.obolibrary.org/obo/CHEBI_27693
capric acid	http://purl.obolibrary.org/obo/CHEBI_44499
caproic acid	http://purl.obolibrary.org/obo/CHEBI_30776
caprylic acid	http://purl.obolibrary.org/obo/CHEBI_28837
glyceryl 1-laurate	http://purl.obolibrary.org/obo/CHEBI_75539
lauric acid	http://purl.obolibrary.org/obo/CHEBI_18262
myristic acid	http://purl.obolibrary.org/obo/CHEBI_30807
palmitic acid	http://purl.obolibrary.org/obo/CHEBI_15756
stearic acid	http://purl.obolibrary.org/obo/CHEBI_25629
stigmastanol	http://purl.obolibrary.org/obo/CHEBI_89400
stigmasterol	http://purl.obolibrary.org/obo/CHEBI_28824
"5,7-dihydroxychromone"	http://purl.obolibrary.org/obo/CHEBI_2007
chrysoeriol	http://purl.obolibrary.org/obo/CHEBI_16514
dehydrodiconiferyl alcohol	http://purl.obolibrary.org/obo/CHEBI_91184
dihydrokaempferol	http://purl.obolibrary.org/obo/CHEBI_15401
eriodictyol	http://purl.obolibrary.org/obo/CHEBI_28412
isosilibinin a	http://napdi.org/napdi_srs_imports:isosilibinin_a
isosilibinin b	http://napdi.org/napdi_srs_imports:isosilibinin_b
isosilybin a	http://purl.obolibrary.org/obo/CHEBI_80744
silibinin	http://purl.obolibrary.org/obo/CHEBI_9144
silicristin	http://purl.obolibrary.org/obo/CHEBI_9143
silidianin	http://purl.obolibrary.org/obo/CHEBI_178184
silymarin	http://purl.obolibrary.org/obo/CHEBI_125451
taxifolin	http://purl.obolibrary.org/obo/CHEBI_17948
(2-glyceryl)-o-coniferaldehyde	http://napdi.org/napdi_srs_imports:2_glyceryl_o_coniferaldehyde
9-epipectachol b	http://napdi.org/napdi_srs_imports:9_epipectachol_b
angelate ester	http://napdi.org/napdi_srs_imports:angelate_ester
angelic	http://purl.obolibrary.org/obo/CHEBI_36431
anisofraxidin drimenyl ether	http://napdi.org/napdi_srs_imports:anisofraxidin_drimenyl_ether
artemorin	http://purl.obolibrary.org/obo/CHEBI_2853
bicyclogermacrene	http://purl.obolibrary.org/obo/CHEBI_63709
chrysanthenyl acetate	http://napdi.org/napdi_srs_imports:chrysanthenyl_acetate
costic acid methyl ester	http://napdi.org/napdi_srs_imports:costic_acid_methyl_ester
costunolide	http://purl.obolibrary.org/obo/CHEBI_3900
epimeric cischrysanthenol	http://napdi.org/napdi_srs_imports:epimeric_cischrysanthenol
farnesene	http://purl.obolibrary.org/obo/CHEBI_39237
hydroxyanhydroverlotorin	http://napdi.org/napdi_srs_imports:hydroxyanhydroverlotorin
hydroxycostunolide	http://purl.obolibrary.org/obo/CHEBI_144560
hydroxyparthenolide	http://napdi.org/napdi_srs_imports:hydroxyparthenolide
isofraxidin	http://purl.obolibrary.org/obo/CHEBI_81121
isomeric cis-verbenol	http://purl.obolibrary.org/obo/CHEBI_167399
melatonin	http://purl.obolibrary.org/obo/CHEBI_16796
parthenolide	http://purl.obolibrary.org/obo/CHEBI_7939
reynosin	http://purl.obolibrary.org/obo/CHEBI_540787
arginine	http://purl.obolibrary.org/obo/CHEBI_16467
carpaine	http://purl.obolibrary.org/obo/CHEBI_3433
diosgenin	http://purl.obolibrary.org/obo/CHEBI_4629
gentianine	http://purl.obolibrary.org/obo/CHEBI_28981
histidine	http://purl.obolibrary.org/obo/CHEBI_29979
hydroxyisoleucine	http://purl.obolibrary.org/obo/CHEBI_78247
"lysine, dl-"	http://purl.obolibrary.org/obo/CHEBI_25094
protodioscin	http://purl.obolibrary.org/obo/CHEBI_8588
trigonelline	http://purl.obolibrary.org/obo/CHEBI_18123
trigoneoside ia	http://napdi.org/napdi_srs_imports:trigoneoside_ia
trigoneoside ib	http://napdi.org/napdi_srs_imports:trigoneoside_ib
trigoneoside iia	http://napdi.org/napdi_srs_imports:trigoneoside_iia
cellulose	http://purl.obolibrary.org/obo/CHEBI_156274
citric acid	http://purl.obolibrary.org/obo/CHEBI_30769
coumaroyl	http://napdi.org/napdi_srs_imports:coumaroyl
cyanidin	http://purl.obolibrary.org/obo/CHEBI_27843
delphinidin	http://purl.obolibrary.org/obo/CHEBI_38701
fructose	http://purl.obolibrary.org/obo/CHEBI_37714
glucose 3-o-glycosides	http://napdi.org/napdi_srs_imports:glucose_3_o_glycosides
hemicellulose	http://purl.obolibrary.org/obo/CHEBI_61266
hydroxybenzoic	http://purl.obolibrary.org/obo/CHEBI_30763
malvidin	http://purl.obolibrary.org/obo/CHEBI_6674
monotropein	http://purl.obolibrary.org/obo/CHEBI_6988
pectin	http://purl.obolibrary.org/obo/CHEBI_47954
pelargonidin	http://purl.obolibrary.org/obo/CHEBI_25863
peonidin	http://purl.obolibrary.org/obo/CHEBI_75314
petunidin	http://purl.obolibrary.org/obo/CHEBI_75318
quinic malic	http://napdi.org/napdi_srs_imports:quinic_malic
vitamin c	http://purl.obolibrary.org/obo/CHEBI_29073
2s-hesperidin	http://purl.obolibrary.org/obo/CHEBI_28775
"3,4-epoxyvalerenic acid"	http://napdi.org/napdi_srs_imports:3_4_epoxyvalerenic_acid
8-hydroxypinoresimol	http://napdi.org/napdi_srs_imports:8_hydroxypinoresimol
8-methylapigenin	http://napdi.org/napdi_srs_imports:8_methylapigenin
acetoxyvalerenic acid	http://napdi.org/napdi_srs_imports:acetoxyvalerenic_acid
actinidine	http://purl.obolibrary.org/obo/CHEBI_2443
alanine	http://purl.obolibrary.org/obo/CHEBI_16977
baldrinal	http://purl.obolibrary.org/obo/CHEBI_80746
dihydrovaltrate	http://purl.obolibrary.org/obo/CHEBI_4517
eudesmol	http://purl.obolibrary.org/obo/CHEBI_10417
gaba	http://purl.obolibrary.org/obo/CHEBI_16865
glucose	http://purl.obolibrary.org/obo/CHEBI_4167
glutamine	http://purl.obolibrary.org/obo/CHEBI_18050
homobaldrinal	http://purl.obolibrary.org/obo/CHEBI_80747
hydroxyvalerenic acid	http://napdi.org/napdi_srs_imports:hydroxyvalerenic_acid
isovaleric	http://purl.obolibrary.org/obo/CHEBI_28484
isovaltrate	http://purl.obolibrary.org/obo/CHEBI_80745
ivhd-valtrate	http://napdi.org/napdi_srs_imports:ivhd_valtrate
kessylacetate	http://napdi.org/napdi_srs_imports:kessylacetate
linarin	http://napdi.org/napdi_srs_imports:linarin
myrtenol	http://purl.obolibrary.org/obo/CHEBI_25460
myrtenyl-isovalerianat	http://purl.obolibrary.org/obo/CHEBI_173710
pyridine	http://purl.obolibrary.org/obo/CHEBI_16227
raffinose	http://purl.obolibrary.org/obo/CHEBI_16634
saccharose	http://purl.obolibrary.org/obo/CHEBI_65313
valeranon	http://napdi.org/napdi_srs_imports:valeranon
valerenal	http://purl.obolibrary.org/obo/CHEBI_166676
valerenic	http://purl.obolibrary.org/obo/CHEBI_9921
valerianine	http://purl.obolibrary.org/obo/CHEBI_9922
valerianol	http://purl.obolibrary.org/obo/CHEBI_143779
valeric	http://purl.obolibrary.org/obo/CHEBI_17418
valerosidatum	http://purl.obolibrary.org/obo/CHEBI_80904
valtrate	http://purl.obolibrary.org/obo/CHEBI_9928
withanolide d	http://purl.obolibrary.org/obo/CHEBI_10041
(10)-gingerol	http://purl.obolibrary.org/obo/CHEBI_81134
(10)-shogaol	http://purl.obolibrary.org/obo/CHEBI_192883
(8)-gingerdione	http://purl.obolibrary.org/obo/CHEBI_175095
(8)-gingerol	http://purl.obolibrary.org/obo/CHEBI_81133
(8)-shogaol	http://purl.obolibrary.org/obo/CHEBI_174643
6-gingerol	http://purl.obolibrary.org/obo/CHEBI_10136
beta-bisabolol	http://napdi.org/napdi_srs_imports:beta_bisabolol
bisabolene	http://purl.obolibrary.org/obo/CHEBI_49238
cineole	http://purl.obolibrary.org/obo/CHEBI_27961
geraniol	http://purl.obolibrary.org/obo/CHEBI_24221
gingerdiol	http://napdi.org/napdi_srs_imports:gingerdiol
gingerdiones	http://purl.obolibrary.org/obo/CHEBI_10135
paradols	http://purl.obolibrary.org/obo/CHEBI_10137
sesquiphellandrene	http://purl.obolibrary.org/obo/CHEBI_64361
shogaol	http://purl.obolibrary.org/obo/CHEBI_10138
zingiberol	http://napdi.org/napdi_srs_imports:zingiberol
"11beta,13-dihydrolactucin"	http://purl.obolibrary.org/obo/CHEBI_90267
24-methylene-cycloartanol	http://purl.obolibrary.org/obo/CHEBI_1307
"3,4-di-o-caffeoylquinic acid"	http://purl.obolibrary.org/obo/CHEBI_5995
4-caffeoylquinic acid	http://purl.obolibrary.org/obo/CHEBI_75491
"4,5-di-o-caffeoylquinic acid"	http://purl.obolibrary.org/obo/CHEBI_141136
"4,11,13,15-tetrahydroridentin b"	http://purl.obolibrary.org/obo/CHEBI_169733
apigenin 7-o-glucoside	http://purl.obolibrary.org/obo/CHEBI_16778
chicoric acid	http://purl.obolibrary.org/obo/CHEBI_3594
chiro-inositol	http://purl.obolibrary.org/obo/CHEBI_23098
chlorogenic acid	http://purl.obolibrary.org/obo/CHEBI_16112
cichoriin	http://purl.obolibrary.org/obo/CHEBI_3693
cis-caftaric acid	http://purl.obolibrary.org/obo/CHEBI_76082
cryptochlorogenic acid	http://purl.obolibrary.org/obo/CHEBI_75491
cycloartenol	http://purl.obolibrary.org/obo/CHEBI_17030
dihydroconiferin	http://purl.obolibrary.org/obo/CHEBI_85156
esculetin	http://purl.obolibrary.org/obo/CHEBI_490095
esculin	http://purl.obolibrary.org/obo/CHEBI_4853
faradiol	http://purl.obolibrary.org/obo/CHEBI_191989
flavone	http://purl.obolibrary.org/obo/CHEBI_42491
flavonol 3-o-glycoside	http://purl.obolibrary.org/obo/CHEBI_14268
inulin	http://purl.obolibrary.org/obo/CHEBI_15443
luteolin 7-o-glucoside	http://purl.obolibrary.org/obo/CHEBI_27994
myo-inositol	http://purl.obolibrary.org/obo/CHEBI_17268
sitosterol	http://purl.obolibrary.org/obo/CHEBI_27693
4-coumaric acid	http://purl.obolibrary.org/obo/CHEBI_36090
p-hydroxybenzoic	http://purl.obolibrary.org/obo/CHEBI_30763
p-hydroxyphenylacetic acid	http://purl.obolibrary.org/obo/CHEBI_18101
phytosterols	http://purl.obolibrary.org/obo/CHEBI_26125
polysaccharides	http://purl.obolibrary.org/obo/CHEBI_18154
protocatechuic acid	http://purl.obolibrary.org/obo/CHEBI_36062
quercetin 7-o-glucoside	http://purl.obolibrary.org/obo/CHEBI_28529
scyllo-inositol	http://purl.obolibrary.org/obo/CHEBI_17268
sesquiterpenes	http://purl.obolibrary.org/obo/CHEBI_35189
sterols	http://purl.obolibrary.org/obo/CHEBI_15889
triterpenes	http://purl.obolibrary.org/obo/CHEBI_35191
syringic acid	http://purl.obolibrary.org/obo/CHEBI_68329
syringin 	http://purl.obolibrary.org/obo/CHEBI_9380
taraxasterol	http://purl.obolibrary.org/obo/CHEBI_9401
trans-caftaric acid	http://purl.obolibrary.org/obo/CHEBI_174975
trans-coutaric acid	http://purl.obolibrary.org/obo/CHEBI_76095
triterpenoids	http://purl.obolibrary.org/obo/CHEBI_36615
vanillic acid	http://purl.obolibrary.org/obo/CHEBI_30816
actaea racemosa	http://napdi.org/napdi_srs_imports:actaea_racemosa
aesculus hippocastanum	http://napdi.org/napdi_srs_imports:aesculus_hippocastanum
allium sativum	http://napdi.org/napdi_srs_imports:allium_sativum
camellia sinensis	http://napdi.org/napdi_srs_imports:camellia_sinensis
cannabis sativa	http://napdi.org/napdi_srs_imports:cannabis_sativa
cinnamomum cassia	http://napdi.org/napdi_srs_imports:cinnamomum_cassia
cinnamomum verum	http://napdi.org/napdi_srs_imports:cinnamomum_verum
citrus paradisi	http://napdi.org/napdi_srs_imports:citrus_paradisi
crataegus laevigata	http://napdi.org/napdi_srs_imports:crataegus_laevigata
curcuma longa	http://napdi.org/napdi_srs_imports:curcuma_longa
echinacea purpurea	http://napdi.org/napdi_srs_imports:echinacea_purpurea
ginkgo biloba	http://napdi.org/napdi_srs_imports:ginkgo_biloba
glycine max	http://napdi.org/napdi_srs_imports:glycine_max
glycyrrhiza glabra	http://napdi.org/napdi_srs_imports:glycyrrhiza_glabra
glycyrrhiza inflata	http://napdi.org/napdi_srs_imports:glycyrrhiza_inflata
glycyrrhiza uralensis	http://napdi.org/napdi_srs_imports:glycyrrhiza_uralensis
hydrastis canadensis	http://napdi.org/napdi_srs_imports:hydrastis_canadensis
linum usitatissimum	http://napdi.org/napdi_srs_imports:linum_usitatissimum
mitragyna speciosa	http://napdi.org/napdi_srs_imports:mitragyna_speciosa
origanum vulgare	http://napdi.org/napdi_srs_imports:origanum_vulgare
panax ginseng	http://napdi.org/napdi_srs_imports:panax_ginseng
paullinia cupana	http://napdi.org/napdi_srs_imports:paullinia_cupana
piper nigrum	http://napdi.org/napdi_srs_imports:piper_nigrum
rhodiola rosea	http://napdi.org/napdi_srs_imports:rhodiola_rosea
rosmarinus officinalis	http://napdi.org/napdi_srs_imports:rosmarinus_officinalis
serenoa repens	http://napdi.org/napdi_srs_imports:serenoa_repens
silybum marianum	http://napdi.org/napdi_srs_imports:silybum_marianum
tanacetum parthenium	http://napdi.org/napdi_srs_imports:tanacetum_parthenium
trigonella foenum-graecum	http://napdi.org/napdi_srs_imports:trigonella_foenum-graecum
vaccinium macrocarpon	http://napdi.org/napdi_srs_imports:vaccinium_macrocarpon
valeriana officinalis	http://napdi.org/napdi_srs_imports:valeriana_officinalis
withania somnifera	http://napdi.org/napdi_srs_imports:withania_somnifera
zingiber officinale	http://napdi.org/napdi_srs_imports:zingiber_officinale
black cohosh	http://napdi.org/napdi_srs_imports:actaea_racemosa
horse chestnut	http://napdi.org/napdi_srs_imports:aesculus_hippocastanum
garlic	http://napdi.org/napdi_srs_imports:allium_sativum
green tea	http://napdi.org/napdi_srs_imports:camellia_sinensis
marijuana	http://napdi.org/napdi_srs_imports:cannabis_sativa
cassia	http://napdi.org/napdi_srs_imports:cinnamomum_cassia
cinnamon	http://napdi.org/napdi_srs_imports:cinnamomum_verum
grapefruit	http://napdi.org/napdi_srs_imports:citrus_paradisi
hawthorn	http://napdi.org/napdi_srs_imports:crataegus_laevigata
turmeric	http://napdi.org/napdi_srs_imports:curcuma_longa
echinacea	http://napdi.org/napdi_srs_imports:echinacea_purpurea
ginkgo	http://napdi.org/napdi_srs_imports:ginkgo_biloba
soy	http://napdi.org/napdi_srs_imports:glycine_max
soybean	http://napdi.org/napdi_srs_imports:glycine_max
licorice	http://napdi.org/napdi_srs_imports:glycyrrhiza_glabra
liquorice	http://napdi.org/napdi_srs_imports:glycyrrhiza_inflata
goldenseal	http://napdi.org/napdi_srs_imports:hydrastis_canadensis
flax	http://napdi.org/napdi_srs_imports:linum_usitatissimum
kratom	http://napdi.org/napdi_srs_imports:mitragyna_speciosa
oregano	http://napdi.org/napdi_srs_imports:origanum_vulgare
ginseng	http://napdi.org/napdi_srs_imports:panax_ginseng
guarana	http://napdi.org/napdi_srs_imports:paullinia_cupana
pepper	http://napdi.org/napdi_srs_imports:piper_nigrum
rhodiola	http://napdi.org/napdi_srs_imports:rhodiola_rosea
rosemary	http://napdi.org/napdi_srs_imports:rosmarinus_officinalis
scrub palmetto	http://napdi.org/napdi_srs_imports:serenoa_repens
milk thistle	http://napdi.org/napdi_srs_imports:silybum_marianum
feverfew	http://napdi.org/napdi_srs_imports:tanacetum_parthenium
fenugreek	http://napdi.org/napdi_srs_imports:trigonella_foenum-graecum
cranberry	http://napdi.org/napdi_srs_imports:vaccinium_macrocarpon
valerian	http://napdi.org/napdi_srs_imports:valeriana_officinalis
ashwagandha	http://napdi.org/napdi_srs_imports:withania_somnifera
ginger	http://napdi.org/napdi_srs_imports:zingiber_officinale
dandelion	http://napdi.org/napdi_srs_imports:taraxacum_officinale
taraxacum officinale	http://napdi.org/napdi_srs_imports:taraxacum_officinale